{"cameraMode":{"drawMode":0,"name":"Shaded","section":"Shading Mode"},"sceneLighting":true,"audioPlay":false,"sceneViewState":{"m_AlwaysRefresh":false,"showFog":true,"showSkybox":true,"showFlares":true,"showImageEffects":true,"showParticleSystems":true,"showVisualEffectGraphs":true,"m_FxEnabled":true},"in2DMode":false,"pivot":{"x":1.7777920961380005,"y":15.332432746887207,"z":-8.870197296142579},"rotation":{"x":0.48841652274131777,"y":0.012524888850748539,"z":-0.007195604033768177,"w":0.8725640773773193},"size":5.114619255065918,"orthographic":false}