{"cameraMode":{"drawMode":0,"name":"Shaded","section":"Shading Mode"},"sceneLighting":true,"audioPlay":false,"sceneViewState":{"showFog":true,"showMaterialUpdate":false,"showSkybox":true,"showFlares":true,"showImageEffects":true,"showParticleSystems":true},"in2DMode":false,"pivot":{"x":0.5847721099853516,"y":-1.6426334381103516,"z":0.675755500793457},"rotation":{"x":-0.10144700109958649,"y":0.8905134201049805,"z":-0.24387945234775544,"w":-0.3704287111759186},"size":15.529693603515625,"orthographic":false}